City_ID,City,Lat,Lng,Max Temp,Humidity,Cloudiness,Wind Speed,Country,Date
0,Pedernales,18.0384,-71.744,28.07,62,6,4.36,DO,1683414197
1,Leoben,47.3461,15.1257,10.47,80,100,0.68,AT,1683414198
2,Yellowknife,62.456,-114.3525,19.29,30,20,9.26,CA,1683414198
3,Edinburgh of the Seven Seas,-37.0676,-12.3116,15.37,75,100,5.32,SH,1683414198
4,Waitangi,-43.9535,-176.5597,16.01,89,100,2.68,NZ,1683414198
5,Hālol,22.5,73.4667,29.38,56,98,3.06,IN,1683414198
6,Nova Sintra,14.8667,-24.7167,20.09,78,2,10.77,CV,1683414198
7,Sur,22.5667,59.5289,28.04,58,3,4.69,OM,1683414198
8,Iskateley,67.6803,53.1512,-8.53,95,37,4.95,RU,1683414198
9,Grytviken,-54.2811,-36.5092,3.44,85,98,5.33,GS,1683414199
10,Mejit,10.2753,170.8646,27.28,83,86,7.81,MH,1683414199
11,Puerto Natales,-51.7236,-72.4875,5.55,83,9,2.93,CL,1683414199
12,East Ballina,-28.8667,153.5833,18.9,86,99,2.23,AU,1683414199
13,Hamilton,39.1834,-84.5333,24.0,55,100,3.09,US,1683413950
14,Amuntai,-2.4177,115.2494,24.04,98,96,0.57,ID,1683414199
15,Seward,40.907,-97.0989,27.3,56,26,2.68,US,1683414199
16,Ribeira Grande,38.5167,-28.7,18.21,95,100,12.07,PT,1683414199
17,St. John's,47.5649,-52.7093,3.21,94,100,4.12,CA,1683414199
18,Port-aux-Français,-49.35,70.2167,4.15,65,82,13.49,TF,1683414199
19,Constanța,44.1833,28.65,11.5,75,14,7.67,RO,1683414200
20,Dāmghān,36.1683,54.348,15.86,30,0,1.54,IR,1683414200
21,Susuman,62.7833,148.1667,-2.8,71,26,1.05,RU,1683414200
22,Afaahiti,-17.75,-149.2833,28.93,81,68,7.37,PF,1683414200
23,Dzuunmod,48.2199,97.3744,3.6,62,100,0.92,MN,1683414074
24,Olonkinbyen,70.9221,-8.7187,-0.91,94,100,5.8,SJ,1683414200
25,Ust-Nera,64.5667,143.2,-0.39,77,96,2.38,RU,1683414200
26,Balabac,7.9868,117.0645,26.98,84,99,4.62,PH,1683414200
27,Antofagasta,-23.65,-70.4,16.6,83,5,2.86,CL,1683413642
28,Adamstown,-25.066,-130.1015,22.24,79,100,3.49,PN,1683414201
29,Palikir,6.9248,158.1611,27.93,76,100,3.97,FM,1683414201
30,San José Iturbide,21.0,-100.3833,29.22,22,59,2.4,MX,1683414201
31,Buala,-8.145,159.5921,29.86,71,31,2.75,SB,1683414201
32,Cleveland,41.4995,-81.6954,22.1,57,0,6.69,US,1683413975
33,West Island,-12.1568,96.8225,26.99,94,75,1.54,CC,1683414201
34,Tiksi,71.6872,128.8694,-14.13,92,93,2.74,RU,1683414201
35,Baiti,13.745,-14.7482,31.54,25,37,4.06,SN,1683414202
36,Blackmans Bay,-43.0167,147.3167,5.41,81,54,3.08,AU,1683414202
37,Praia da Vitória,38.7333,-27.0667,20.14,83,75,10.5,PT,1683414202
38,Hawaiian Paradise Park,19.5933,-154.9731,26.13,73,99,5.12,US,1683414202
39,Lihue,21.9789,-159.3672,26.58,68,100,7.04,US,1683414202
40,Invercargill,-46.4,168.35,12.38,84,28,1.42,NZ,1683414202
41,El Calafate,-50.3408,-72.2768,6.58,72,1,3.86,AR,1683414203
42,George Town,5.4112,100.3354,26.96,94,20,1.54,MY,1683413988
43,Dudinka,69.4058,86.1778,-20.78,100,100,0.53,RU,1683414203
44,Bethel,41.3712,-73.414,21.17,32,0,3.6,US,1683414203
45,Nyurba,63.2842,118.3319,-1.64,92,95,5.72,RU,1683414203
46,Nishinoomote,30.7333,131.0,21.6,93,100,5.25,JP,1683413952
47,Talnakh,69.4865,88.3972,-17.46,97,67,0.82,RU,1683414203
48,Saint Paul Harbor,57.79,-152.4072,4.03,91,100,1.41,US,1683414203
49,Bredasdorp,-34.5322,20.0403,15.43,83,89,1.53,ZA,1683414204
50,Minas de Marcona,-15.2119,-75.1103,16.24,82,30,5.86,PE,1683414204
51,River Cess,5.46,-9.5828,27.75,81,82,4.03,LR,1683414204
52,Hinton,53.4001,-117.5857,14.96,50,48,7.73,CA,1683414037
53,Vernon,50.2581,-119.2691,15.2,62,100,0.51,CA,1683413968
54,Aras-asan,8.8908,126.3033,26.5,79,95,0.71,PH,1683414204
55,Hammerfest,70.6634,23.6821,1.25,75,75,1.03,NO,1683414204
56,Kirakira,-10.4544,161.9205,29.72,73,19,2.56,SB,1683414204
57,Port Alfred,-33.5906,26.891,14.54,91,58,0.89,ZA,1683414204
58,Jamestown,42.097,-79.2353,18.8,45,0,4.12,US,1683414076
59,Qarqaraly,49.4058,75.4742,8.72,43,2,1.88,KZ,1683414205
60,Margaret River,-33.95,115.0667,12.87,93,100,6.03,AU,1683414205
61,Happy Valley-Goose Bay,53.3168,-60.3315,12.17,43,100,4.63,CA,1683414205
62,Huarmey,-10.0681,-78.1522,23.8,80,4,4.5,PE,1683414205
63,Laojunmiao,39.8333,97.7333,2.22,80,28,0.91,CN,1683414205
64,Puerto Ayora,-0.7393,-90.3518,29.98,92,98,1.79,EC,1683414205
65,Vorkuta,67.5,64.0,-10.26,94,99,3.88,RU,1683414205
66,Sepuka,-4.75,34.5333,17.73,78,94,3.62,TZ,1683414205
67,Petropavlovsk-Kamchatskiy,53.0452,158.6483,7.33,46,75,9.0,RU,1683414206
68,Sitka,57.0531,-135.33,10.33,61,91,2.85,US,1683414100
69,Ancud,-41.8697,-73.8203,11.05,95,97,1.85,CL,1683414206
70,Port Elizabeth,-33.918,25.5701,16.84,83,0,4.12,ZA,1683414206
71,Rijau,11.103,5.2507,29.08,52,92,2.69,NG,1683414206
72,Klyuchi,52.2667,79.1667,13.21,41,2,3.17,RU,1683414206
73,Ilomantsi,62.6716,30.9328,-0.17,97,64,2.07,FI,1683414207
74,Inhambane,-23.865,35.3833,21.69,81,0,2.69,MZ,1683414207
75,Rio Grande,-32.035,-52.0986,19.06,98,100,4.7,BR,1683414207
76,Thompson,55.7435,-97.8558,17.09,31,40,3.09,CA,1683414207
77,Bilibino,68.0546,166.4372,-2.13,93,100,1.84,RU,1683414207
78,Papatowai,-46.5619,169.4708,13.12,81,13,2.82,NZ,1683414207
79,Chonchi,-42.6128,-73.8092,10.56,96,81,2.04,CL,1683414157
80,Hithadhoo,-0.6,73.0833,28.63,75,100,8.87,MV,1683414208
81,Atafu Village,-8.5421,-172.5159,29.14,73,0,5.95,TK,1683414208
82,Iqaluit,63.7506,-68.5145,-1.15,80,20,13.38,CA,1683414208
83,Vorgashor,67.5833,63.95,-10.39,94,99,3.84,RU,1683414208
84,Albany,42.6001,-73.9662,18.82,47,29,4.0,US,1683414001
85,Punta Arenas,-53.15,-70.9167,6.06,75,20,7.2,CL,1683413997
86,Qala i Naw,34.9874,63.1289,15.05,33,1,1.69,AF,1683414208
87,Tralee,52.2704,-9.7026,9.64,94,86,1.88,IE,1683414208
88,Klaksvík,62.2266,-6.589,8.51,98,88,8.39,FO,1683414208
89,Shijiazhuang,38.0414,114.4786,10.92,49,38,2.34,CN,1683414209
90,Manta,-0.95,-80.7333,27.88,78,75,3.09,EC,1683414209
91,Gaspé,48.8334,-64.4819,15.12,26,40,2.57,CA,1683414209
92,Hermanus,-34.4187,19.2345,14.33,87,99,2.66,ZA,1683414209
93,São Vicente,-23.9631,-46.3919,26.1,26,99,0.45,BR,1683414209
94,Isafjordur,66.0755,-23.124,5.31,92,98,2.99,IS,1683414209
95,Lā‘ie,21.6477,-157.9253,26.66,69,100,9.23,US,1683414209
96,Piti Village,13.4626,144.6933,30.49,82,100,4.74,GU,1683414209
97,Vadsø,70.0744,29.7487,0.49,93,65,1.03,NO,1683414210
98,Kayangel,8.0823,134.7173,28.13,77,43,4.53,PW,1683414210
99,Qaqortoq,60.7167,-46.0333,1.81,84,85,1.52,GL,1683414210
100,Tarumã,-22.7467,-50.5772,21.35,83,6,1.47,BR,1683414210
101,Tobol'sk,58.2,68.2667,12.74,44,62,4.04,RU,1683414210
102,Plettenberg Bay,-34.0527,23.3716,15.17,78,2,2.91,ZA,1683414211
103,Longyearbyen,78.2186,15.6401,-1.09,80,75,0.0,SJ,1683414211
104,Kargasok,59.0556,80.8572,10.47,75,56,3.76,RU,1683414211
105,Kendari,-3.945,122.4989,25.06,92,88,1.31,ID,1683414211
106,Howrah,22.5892,88.3103,29.0,84,20,4.63,IN,1683414211
107,Swakopmund,-22.6833,14.5333,13.88,88,0,0.89,NA,1683414211
108,Strellc i Eperm,42.5784,20.2935,10.69,76,17,1.71,XK,1683414211
109,Stanley,54.868,-1.6985,12.51,94,40,1.03,GB,1683414210
110,Nemuro,43.3236,145.575,3.32,75,100,3.48,JP,1683414212
111,Tazovsky,67.4667,78.7,-12.47,95,87,3.02,RU,1683414212
112,Aswān,24.0934,32.907,25.61,20,0,4.12,EG,1683414025
113,Uturoa,-16.7333,-151.4333,28.15,74,100,8.13,PF,1683414211
114,Aasiaat,68.7098,-52.8699,-0.97,98,100,2.2,GL,1683414194
115,Broken Hill,-31.95,141.4333,7.52,65,1,7.35,AU,1683414212
116,Wangqing,43.3218,129.7634,12.19,40,62,0.24,CN,1683414212
117,Ghat,24.9647,10.1728,25.17,16,22,2.23,LY,1683414212
118,Riorges,46.0418,4.0497,15.69,92,100,2.6,FR,1683414212
119,Belmonte,-15.8631,-38.8828,24.83,80,0,4.96,BR,1683414213
120,Khāsh,28.2211,61.2158,19.83,25,0,0.52,IR,1683414213
121,San Fernando,15.0286,120.6898,27.85,73,19,1.14,PH,1683414213
122,Bikenibeu Village,1.3673,173.1241,29.98,79,40,3.6,KI,1683414210
123,Ushuaia,-54.8,-68.3,5.81,65,20,1.03,AR,1683414087
124,Perevolotskiy,51.8763,54.1938,12.0,68,7,1.92,RU,1683414213
125,Ilulissat,69.2167,-51.1,-0.99,100,100,2.06,GL,1683414213
126,Jishui,33.7333,115.4,14.02,52,100,4.29,CN,1683414213
127,Lüderitz,-26.6481,15.1594,12.93,82,0,4.5,NA,1683414212
128,Novyy Urgal,51.0736,132.5642,8.86,61,65,0.4,RU,1683414213
129,Udachny,66.4167,112.4,-10.86,72,59,8.17,RU,1683414103
130,Wenling,28.3669,121.36,17.77,93,99,2.45,CN,1683414033
131,Richards Bay,-28.783,32.0377,23.34,77,86,5.37,ZA,1683414213
132,Bosaso,11.2842,49.1816,29.59,61,90,0.49,SO,1683414214
133,Isoka,-10.1606,32.6335,13.59,91,0,0.96,ZM,1683414214
134,Whakatane,-37.9585,176.9854,19.87,88,100,2.68,NZ,1683414214
135,Eyl,7.9803,49.8164,28.95,73,79,6.09,SO,1683414214
136,Pinos Puente,37.2511,-3.7497,18.96,40,0,3.6,ES,1683414214
137,Sault Ste. Marie,46.5168,-84.3333,13.9,58,75,5.14,CA,1683414212
138,Tura,25.5198,90.2201,20.98,81,2,1.67,IN,1683414209
139,Carnarvon,-24.8667,113.6333,21.06,70,9,4.24,AU,1683414214
140,Kupang,-10.1667,123.5833,27.32,83,20,4.12,ID,1683414215
141,Lebu,-37.6167,-73.65,12.0,92,26,5.99,CL,1683414146
142,Vilyuchinsk,52.9306,158.4028,8.15,80,49,2.8,RU,1683414209
143,Flying Fish Cove,-10.4217,105.6791,26.82,89,75,3.6,CX,1683414215
144,La Sierpe,2.8518,-77.6155,26.52,90,100,2.95,CO,1683414215
145,Bat Khela,34.6167,71.9714,16.06,76,22,2.99,PK,1683414215
146,Kununurra,-15.7667,128.7333,24.99,47,19,3.6,AU,1683414215
147,Tulun,54.5611,100.5792,7.97,88,86,2.85,RU,1683414215
148,Hilo,19.7297,-155.09,26.25,80,100,4.02,US,1683414213
149,Grande Prairie,55.1667,-118.8027,21.1,24,40,10.29,CA,1683414215
150,Mossamedes,-15.1961,12.1522,23.36,69,11,3.16,AO,1683414215
151,Castillos,-34.1667,-53.8333,19.24,99,100,3.16,UY,1683414216
152,Ola,59.5833,151.2833,5.08,77,10,0.53,RU,1683414216
153,Nikolayevsk-on-Amur,53.1406,140.73,8.04,57,69,1.42,RU,1683414216
154,Mount Isa,-20.7333,139.5,18.87,32,87,7.2,AU,1683414216
155,Itaituba,-4.2761,-55.9836,24.04,98,42,0.74,BR,1683414216
156,Santo Antônio do Içá,-3.1022,-67.9397,24.44,96,97,1.18,BR,1683414216
157,Saint-Pierre,-21.3393,55.4781,23.82,78,75,2.06,RE,1683414216
158,Mogadishu,2.0371,45.3438,27.35,81,32,7.75,SO,1683414216
159,Kruisfontein,-34.0033,24.7314,12.86,83,24,3.25,ZA,1683414216
160,Wenchang,30.904,118.4887,15.49,88,95,2.71,CN,1683414216
161,Hailar,49.2,119.7,9.54,21,1,4.83,CN,1683414216
162,Smithers,54.7804,-127.1743,12.18,66,100,3.6,CA,1683414217
163,North Battleford,52.7834,-108.2847,15.05,36,75,7.72,CA,1683414005
164,Mermoz Boabab,14.7065,-17.4758,22.31,94,20,3.09,SN,1683414217
165,Ouésso,1.6136,16.0517,20.88,99,100,0.41,CG,1683414137
166,Portland,45.5234,-122.6762,18.07,58,98,1.79,US,1683414130
167,São João da Barra,-21.6403,-41.0511,23.05,85,11,3.84,BR,1683414217
168,Dryden,49.7833,-92.7503,10.16,76,100,6.69,CA,1683414217
169,Banhā,30.4591,31.1786,19.46,79,28,2.87,EG,1683414217
170,Kiomboi,-4.2667,34.3667,17.37,75,100,1.76,TZ,1683414217
171,Whitehorse,60.7161,-135.0538,13.43,37,75,2.06,CA,1683414217
172,Port Lincoln,-34.7333,135.8667,13.27,55,64,4.16,AU,1683414217
173,College,64.8569,-147.8028,4.49,93,100,1.72,US,1683414217
174,Wailua Homesteads,22.0669,-159.378,26.24,68,98,3.58,US,1683414208
175,Anadyr,64.75,177.4833,-1.72,79,20,6.0,RU,1683414212
176,Bardai,11.65,7.2333,26.91,48,100,3.58,NG,1683414218
177,Isola di Capo Rizzuto,38.96,17.0933,17.88,81,75,2.42,IT,1683414144
178,Alice Springs,-23.7,133.8833,11.75,62,48,9.33,AU,1683414155
179,Finisterra,42.9049,-9.2629,14.86,92,99,3.52,ES,1683414218
180,San Antonio de Palé,-1.4014,5.6325,27.83,75,99,2.66,GQ,1683414218
181,Ust'-Uda,54.1742,103.0304,7.89,91,87,1.99,RU,1683414218
182,Sandnessjøen,66.0217,12.6316,5.36,57,99,0.89,NO,1683414218
183,Nicolosi,37.616,15.0255,14.07,62,0,3.6,IT,1683414218
184,Badger,64.8,-147.5333,4.9,90,100,1.78,US,1683414215
185,Capanema,-1.1958,-47.1808,23.72,97,81,1.85,BR,1683414218
186,Nephi,39.7102,-111.8363,12.38,70,81,0.7,US,1683414218
187,Mount Gambier,-37.8333,140.7667,8.92,77,84,3.11,AU,1683414218
188,Baardheere,2.3446,42.2764,26.56,72,94,6.57,SO,1683414219
189,Capitán Bado,-23.2667,-55.5333,21.42,87,100,2.42,PY,1683414219
190,Severo-Yeniseyskiy,60.3725,93.0408,-0.08,96,98,1.55,RU,1683414219
191,Villa Gesell,-37.2639,-56.973,18.36,98,100,4.54,AR,1683414219
192,Naryan-Mar,67.6713,53.087,-8.5,95,37,4.98,RU,1683414219
193,Kerben,40.2951,72.1863,11.28,62,99,1.28,KG,1683414219
194,Burang,30.25,81.1667,-3.58,90,99,2.46,CN,1683414219
195,Jinchang,38.4953,102.1739,8.21,72,100,0.81,CN,1683414219
196,Utrik,11.2278,169.8474,27.24,79,97,7.44,MH,1683414214
197,Sretensk,52.2453,117.7093,9.15,40,13,2.66,RU,1683414219
198,Knysna,-34.0363,23.0471,14.92,84,3,2.25,ZA,1683414220
199,Tôlanaro,-25.0319,46.9987,21.04,83,75,3.09,MG,1683414220
200,Lázaro Cárdenas,17.9583,-102.2,30.45,57,1,4.9,MX,1683414220
201,San Miguel de Cozumel,20.5083,-86.9458,30.04,75,40,5.14,MX,1683414220
202,Jianshui,23.6363,102.8264,20.58,58,1,1.46,CN,1683414220
203,Knyaze-Volkonskoye,48.4642,135.4567,9.19,57,50,2.8,RU,1683414220
204,Ambalangoda,6.2355,80.0538,26.8,85,100,6.11,LK,1683414220
205,Río Gallegos,-51.6226,-69.2181,7.03,53,0,5.66,AR,1683414089
206,Chibougamau,49.9168,-74.3659,17.79,27,40,5.66,CA,1683414142
207,Pisco,-13.7,-76.2167,22.03,78,100,5.66,PE,1683414209
208,Caucayá,-0.1934,-74.7819,23.69,95,62,0.47,CO,1683414220
209,Nema,57.5067,50.5011,-0.39,85,4,3.67,RU,1683414220
210,Zarghūn Shahr,32.8473,68.4457,10.02,31,0,3.91,AF,1683414220
211,Vila Franca do Campo,37.7167,-25.4333,18.23,94,96,5.17,PT,1683414215
212,Mugia,43.1041,-9.2179,14.95,93,100,2.18,ES,1683414221
213,Port Mathurin,-19.6833,63.4167,25.97,72,70,8.41,MU,1683414071
214,Egersund,58.4513,5.9997,9.49,66,25,7.02,NO,1683414221
215,Luganville,-15.5333,167.1667,28.52,71,49,2.71,VU,1683414221
216,Tuburan,6.6439,122.2736,26.05,80,92,2.64,PH,1683414221
217,Ternitz,47.7156,16.0357,13.73,90,99,1.76,AT,1683414221
218,Indore,22.7179,75.8333,24.1,69,75,1.54,IN,1683414221
219,Ishigaki,24.3448,124.1572,26.07,94,100,6.69,JP,1683414221
220,Derazhnya,49.2692,27.4338,6.7,60,100,6.66,UA,1683414221
221,Kristiansund,63.1115,7.732,7.36,53,100,2.57,NO,1683414221
222,Tongouson,5.0214,120.1328,28.5,74,90,1.36,PH,1683414222
223,Contamana,-7.3333,-75.0167,23.64,97,72,1.56,PE,1683414222
224,Bilohirsk,45.05,34.6,12.49,85,100,5.43,UA,1683414222
225,Gypsum,39.6469,-106.9517,15.75,23,100,3.09,US,1683414222
226,Kisangani,0.5167,25.2,21.6,97,90,0.74,CD,1683414222
227,Saipan,15.1355,145.701,28.69,100,100,5.81,MP,1683414222
228,Grudki,53.0949,23.6685,8.47,56,100,4.68,PL,1683414222
229,Maxixe,-23.8597,35.3472,20.96,84,0,2.28,MZ,1683414222
230,Mizdah,31.4451,12.9801,20.71,29,5,2.71,LY,1683414223
231,Murghab,38.1702,73.9667,-5.46,63,29,1.63,TJ,1683414223
232,Middlebury (village),44.0153,-73.1673,19.05,32,0,2.57,US,1683414223
233,San Juan de Miraflores,-12.1629,-76.9635,22.29,81,45,2.81,PE,1683414223
234,Mandan,46.8267,-100.8896,12.43,92,100,5.66,US,1683414223
235,Nampula,-15.1165,39.2666,16.57,97,40,1.31,MZ,1683414223
236,Eydhafushi,5.1033,73.0708,29.13,74,100,7.99,MV,1683414223
237,Fort St. John,56.2499,-120.8529,20.94,19,40,10.29,CA,1683414223
238,Bandarbeyla,9.4942,50.8122,29.12,73,45,5.61,SO,1683414223
239,Alofi,-19.0595,-169.9187,26.94,83,99,1.54,NU,1683414223
240,Cabo San Lucas,22.8909,-109.9124,27.56,67,82,0.45,MX,1683413931
241,Avarua,-21.2078,-159.775,28.03,89,75,2.06,CK,1683414211
242,Chokwé,-24.5333,32.9833,20.45,68,3,2.74,MZ,1683414224
243,Papao,-17.75,-149.55,29.82,79,68,8.02,PF,1683414224
244,Haiku-Pauwela,20.9219,-156.3051,25.65,66,93,8.05,US,1683414224
245,Okhotsk,59.3833,143.3,4.05,71,14,1.33,RU,1683414224
246,Rongelap,11.1635,166.8941,27.43,76,95,7.85,MH,1683414224
247,Rémire-Montjoly,4.9167,-52.2667,27.02,89,75,1.03,GF,1683413985
248,Barabinsk,55.3571,78.357,13.15,34,12,1.49,RU,1683414123
249,Kiffa,16.6166,-11.4045,34.4,10,24,5.25,MR,1683414140
250,Mendoza,-32.8908,-68.8272,16.74,55,0,0.0,AR,1683414012
251,Tiruvannamalai,12.2167,79.0667,24.64,86,100,2.89,IN,1683414034
252,Lapua,62.9693,23.0088,-0.92,69,88,1.86,FI,1683414225
253,Thurso,58.5927,-3.5259,8.25,95,100,9.84,GB,1683414225
254,Ta`ū,-14.2336,-169.5144,27.8,75,10,4.46,AS,1683414217
255,Ristiina,61.5058,27.2464,-0.94,78,33,1.85,FI,1683414225
256,Acaraú,-2.8856,-40.12,26.02,84,13,5.13,BR,1683414209
257,Newman,37.3138,-121.0208,20.59,69,99,5.81,US,1683414211
258,Lebowakgomo,-24.2,29.5,15.5,57,30,2.46,ZA,1683414225
259,Ulsteinvik,62.3432,5.8487,10.17,45,68,2.24,NO,1683414225
260,Lompoc,34.6391,-120.4579,21.68,69,20,7.6,US,1683414214
261,Bath,51.3779,-2.3591,13.27,94,97,2.09,GB,1683414013
262,Tuba City,36.135,-111.2399,20.6,14,41,11.21,US,1683414225
263,Fortaleza,-3.7227,-38.5247,28.45,83,20,3.6,BR,1683414225
264,Pierre,44.3683,-100.351,16.59,70,0,6.17,US,1683414225
265,Kenai,60.5544,-151.2583,7.05,65,75,1.54,US,1683414005
266,Serhiyivka,46.0272,30.3768,11.39,69,9,8.2,UA,1683414226
267,East London,-33.0153,27.9116,18.3,77,77,5.22,ZA,1683414226
268,Qacha's Nek,-30.1154,28.6894,10.32,83,91,1.96,LS,1683414226
269,Freetown,8.484,-13.2299,26.68,87,64,4.01,SL,1683414226
270,At Tāj,24.2049,23.2857,18.36,35,0,4.26,LY,1683414226
271,Caleta de Carquín,-11.0925,-77.6267,23.22,78,14,4.8,PE,1683414222
272,Mahina,-17.5065,-149.489,29.87,66,75,2.57,PF,1683414226
273,Polyarny,69.1989,33.4478,-3.86,94,30,2.31,RU,1683414226
274,Najrān,17.4924,44.1277,26.36,30,100,1.56,SA,1683414224
275,Quepos,9.4236,-84.1652,29.45,70,100,1.17,CR,1683414226
276,Mar del Plata,-38.0023,-57.5575,17.83,98,100,6.17,AR,1683414226
277,Kavaratti,10.5669,72.642,28.45,68,99,4.32,IN,1683414227
278,Palmer,42.1584,-72.3287,22.23,31,0,5.14,US,1683414227
279,Rabaul,-4.1967,152.1721,28.86,73,70,3.96,PG,1683414227
280,Três Lagoas,-20.7511,-51.6783,25.01,67,81,2.68,BR,1683414066
281,Tari,12.4086,4.4914,31.68,42,52,3.1,NG,1683414227
282,Ribeira Brava,32.65,-17.0667,21.35,77,19,2.1,PT,1683414227
283,Huayin,34.5675,110.0921,12.08,91,100,1.81,CN,1683414227
284,Sungai Raya,0.7,108.9,25.82,91,100,2.44,ID,1683414227
285,Gaigeturi,33.4644,126.3183,15.03,88,100,10.8,KR,1683414227
286,Dunedin,-45.8742,170.5036,14.48,99,60,4.02,NZ,1683414216
287,Nagqu Prefecture,31.5,92.0,-2.67,69,100,2.84,CN,1683414228
288,Kuala Terengganu,5.3302,103.1408,26.97,94,20,1.54,MY,1683414228
289,Dourbali,11.8091,15.8632,32.07,10,99,1.86,TD,1683414228
290,Ladysmith,48.9829,-123.8194,13.25,80,100,3.6,CA,1683414228
291,Hafnarfjordur,64.0671,-21.9377,10.93,71,75,4.12,IS,1683414228
292,Heishan,41.6892,122.1128,14.1,36,67,7.17,CN,1683414228
293,Lázaro Cárdenas,17.9583,-102.2,30.45,57,1,4.9,MX,1683414220
294,Malango,-2.9627,119.9001,20.83,95,92,0.53,ID,1683414212
295,Fale old settlement,-9.3852,-171.2468,28.96,76,6,6.38,TK,1683414227
296,Amarante do Maranhão,-5.5667,-46.7422,22.91,95,100,1.15,BR,1683414228
297,Kavieng,-2.5744,150.7967,26.92,83,94,2.65,PG,1683414222
298,San Pedro Pochutla,15.7333,-96.4667,32.06,58,62,3.14,MX,1683414228
299,Rio Verde de Mato Grosso,-18.9181,-54.8442,26.23,64,86,1.51,BR,1683414229
300,Rehoboth,-23.3167,17.0833,17.19,37,91,1.21,NA,1683414229
301,Ambon City,-3.6954,128.1814,28.86,95,40,0.51,ID,1683414229
302,Troitskaya,43.3056,44.9789,11.02,92,80,0.92,RU,1683414229
303,Gadzhiyevo,69.2551,33.3362,-5.23,96,32,2.33,RU,1683414212
304,Toamasina,-18.1667,49.3833,22.0,94,75,4.63,MG,1683414229
305,Bamboo Flat,11.7,92.7167,28.38,79,78,2.93,IN,1683414229
306,Coquimbo,-29.9533,-71.3436,14.85,77,75,2.57,CL,1683413987
307,Bumba,2.1833,22.4667,22.69,92,42,0.65,CD,1683414229
308,Rodolfo Sánchez Taboada,31.7167,-116.5667,18.39,67,13,3.13,MX,1683414229
309,Porto Velho,-8.7619,-63.9039,24.03,94,75,1.03,BR,1683414229
310,Coron,11.9986,120.2043,28.15,78,71,4.78,PH,1683414230
311,Anatoli,39.6389,20.8653,15.52,65,76,0.89,GR,1683414230
312,Kibondo,-3.5864,30.7203,16.7,92,61,1.16,TZ,1683414230
313,Stephenville,32.2207,-98.2023,29.07,64,0,3.6,US,1683414230
314,Arecibo,18.4724,-66.7157,29.83,82,16,0.89,PR,1683413978
315,Al Jawf,29.5,38.75,20.28,33,0,4.98,SA,1683414230
316,Keflavik,64.0049,-22.5624,10.95,81,75,4.12,IS,1683414212
317,Kudahuvadhoo,2.6708,72.8944,28.45,72,99,7.78,MV,1683414230
318,Xigazê,29.25,88.8833,4.08,47,0,1.41,CN,1683414230
319,I-n-Salah,27.1935,2.4607,32.12,9,77,5.55,DZ,1683414226
320,Morehead City,34.7229,-76.726,21.0,62,0,4.63,US,1683414230
321,Berdigestyakh,62.0989,126.6992,1.25,100,100,3.05,RU,1683414230
322,Ciudad Melchor Múzquiz,27.8833,-101.5167,37.49,17,84,5.7,MX,1683414231
323,Port Macquarie,-31.4333,152.9167,17.16,43,51,1.91,AU,1683414231
324,Neryungri,56.6709,124.6491,2.8,80,84,2.34,RU,1683414231
325,Enewetak,11.3474,162.3373,27.34,83,94,8.54,MH,1683414216
326,Raduzhny,62.0961,77.475,1.68,100,100,1.54,RU,1683413999
327,Saint-Joseph,-21.3667,55.6167,23.21,76,23,5.12,RE,1683414231
328,Houghton,47.1219,-88.569,8.71,93,100,7.2,US,1683414231
329,Wynyard,-41.0,145.7167,6.66,62,0,2.36,AU,1683414231
330,Linxia Chengguanzhen,35.6003,103.2064,6.99,81,100,3.14,CN,1683414231
331,Uglich,57.5275,38.3317,-2.26,72,11,3.1,RU,1683414231
332,Barcelos,41.5388,-8.6151,17.14,97,85,2.2,PT,1683414009
333,Yuzhno-Kurilsk,44.0306,145.8556,4.25,68,91,1.8,RU,1683414216
334,Shar'ya,58.3686,45.5144,-0.37,72,72,4.58,RU,1683414232
335,Cockburn Town,21.4612,-71.1419,26.4,77,18,7.89,TC,1683414232
336,Kokstad,-30.5472,29.4241,12.44,91,97,2.02,ZA,1683414232
337,Xichang,27.8964,102.2634,16.78,68,66,0.75,CN,1683414232
338,Urangan,-25.3,152.9,20.43,66,97,3.53,AU,1683414229
339,Sinabang,2.4803,96.3801,26.68,82,100,7.22,ID,1683414223
340,Kasongo-Lunda,-6.4667,16.8167,22.04,93,80,0.24,CD,1683414137
341,Dibba Al-Hisn,25.6196,56.2729,24.1,43,0,0.51,AE,1683414232
342,Chernyshevskiy,63.0128,112.4714,-2.75,85,100,4.5,RU,1683414232
343,Arawa,-6.2132,155.5367,29.88,72,23,1.95,PG,1683414232
344,Tadine,-21.55,167.8833,26.13,74,39,4.36,NC,1683414232
345,Fort Bragg,35.139,-79.006,26.08,40,40,4.12,US,1683414112
346,Paita,-5.0892,-81.1144,25.29,77,28,5.7,PE,1683414220
347,Lensk,60.7253,114.9278,0.95,92,100,6.53,RU,1683413969
348,Jhūsi,25.4333,81.9333,29.23,31,0,1.96,IN,1683414233
349,Ankazoabo,-22.2833,44.5167,18.64,83,9,2.75,MG,1683414233
350,Bhamo,24.2667,97.2333,23.65,61,18,0.19,MM,1683414175
351,Pandan,14.0453,124.1694,27.14,85,8,2.95,PH,1683414233
352,Kodinsk,58.6881,99.1844,1.5,91,65,1.54,RU,1683414233
353,Nicoya,10.1483,-85.452,31.42,48,96,4.95,CR,1683414233
354,Walvis Bay,-22.9575,14.5053,13.94,94,0,2.06,NA,1683414233
355,Takoradze,4.8845,-1.7554,27.06,83,100,2.24,GH,1683414233
356,Kourou,5.1552,-52.6478,27.03,88,100,3.51,GF,1683413992
357,Elliot,-31.3333,27.85,11.41,89,88,2.42,ZA,1683414234
358,Elko,41.0002,-115.5012,6.52,75,100,7.15,US,1683414021
359,Dakhla,23.6848,-15.958,19.07,82,0,11.94,EH,1683414234
360,Katsuren-haebaru,26.3369,127.8719,26.01,88,100,7.16,JP,1683414234
361,Qui Nhon,13.7667,109.2333,27.17,80,99,1.55,VN,1683414234
362,Omdurman,15.6445,32.4777,33.32,7,11,4.95,SD,1683414234
363,Kapaa,22.0752,-159.319,26.99,68,97,3.58,US,1683414220
364,Nova Viçosa,-17.8919,-39.3719,24.64,75,0,5.04,BR,1683414234
365,Al Abyār,32.19,20.5965,14.25,91,0,3.56,LY,1683414234
366,Serowe,-22.3833,26.7167,17.24,52,0,3.06,BW,1683414234
367,Tobelo,1.7284,128.0095,27.96,79,90,0.32,ID,1683414234
368,Polevskoy,56.4422,60.1878,9.91,55,15,2.34,RU,1683414234
369,Glace Bay,46.1969,-59.957,3.94,83,75,9.26,CA,1683414235
370,Luwuk,-0.9516,122.7875,26.64,82,80,1.67,ID,1683414235
371,Devils Lake,48.1128,-98.8651,13.3,68,20,8.75,US,1683414235
372,Allanridge,-27.7543,26.6438,12.56,90,58,3.38,ZA,1683414235
373,Ghadames,30.1337,9.5007,27.81,18,95,4.45,LY,1683414235
374,Los Llanos de Aridane,28.6585,-17.9182,18.96,70,20,6.69,ES,1683414235
375,Isla Mujeres,21.2311,-86.731,29.03,74,57,4.65,MX,1683414235
376,Los Frentones,-26.4077,-61.4137,16.59,81,74,0.98,AR,1683414235
377,Kailua-Kona,19.6406,-155.9956,27.98,75,0,5.66,US,1683413954
378,Sinop Province,41.7711,34.8709,9.59,86,100,1.41,TR,1683414235
379,Gisborne,-38.6533,178.0042,18.25,79,100,2.69,NZ,1683414218
380,Florø,61.5996,5.0328,8.98,57,100,4.63,NO,1683414236
381,Trinity Beach,-16.7888,145.6968,27.78,78,40,4.63,AU,1683414236
382,Nobres,-14.7203,-56.3275,25.64,72,100,0.66,BR,1683414236
383,Banda Aceh,5.5577,95.3222,25.89,86,100,3.95,ID,1683414236
384,Hervey Bay,-25.2986,152.8535,20.34,65,96,3.28,AU,1683414236
385,Puerto Baquerizo Moreno,-0.9,-89.6,27.55,83,40,5.66,EC,1683414236
386,Neietsu,37.1845,128.4682,6.06,79,100,2.7,KR,1683414236
387,Bo`ka,40.8108,69.1986,11.99,69,71,1.79,UZ,1683414235
388,Port Blair,11.6667,92.75,28.4,78,80,3.01,IN,1683414235
389,San Felipe,10.3399,-68.7425,23.36,89,97,2.35,VE,1683414236
390,Birao,10.2849,22.7882,30.72,18,14,1.93,CF,1683414136
391,Hotan,37.0997,79.9269,9.83,23,100,5.15,CN,1683414132
392,Divnogorsk,55.9594,92.3619,0.27,97,58,1.07,RU,1683414237
393,Yichang,30.7144,111.2847,15.32,85,100,0.85,CN,1683414237
394,Kamina,-8.7386,24.9906,18.27,84,0,1.52,CD,1683414237
395,Santol,15.1622,120.5675,27.08,83,75,2.06,PH,1683414237
396,Nago,26.5881,127.9761,25.25,89,100,6.64,JP,1683414237
397,Cidade Velha,14.9167,-23.6167,22.26,73,20,8.23,CV,1683414232
398,Margate,51.3813,1.3862,14.27,86,100,1.34,GB,1683414112
399,Hersbruck,49.5125,11.4339,12.81,81,99,2.05,DE,1683414237
400,Jiazi,22.8779,116.067,26.01,91,100,4.16,CN,1683414237
401,Miahuatlán de Porfirio Díaz,16.3333,-96.6,27.42,42,78,3.3,MX,1683414237
402,Itanhém,-17.1664,-40.33,21.66,85,67,3.13,BR,1683414237
403,Grants,35.1473,-107.8514,22.13,8,0,6.17,US,1683414238
404,Zhumysker,49.3333,49.4,13.34,80,62,4.17,KZ,1683414238
405,De Aar,-30.6497,24.0123,15.79,57,100,2.33,ZA,1683414238
406,Kalmunai,7.4167,81.8167,25.77,83,100,1.39,LK,1683414238
407,Mymensingh,24.75,90.4,25.66,72,0,2.36,BD,1683414238
408,Bolu Province,40.6667,31.5833,8.5,97,97,1.75,TR,1683414238
409,Whitecourt,54.1502,-115.6855,17.58,29,75,10.8,CA,1683414033
410,Swan Hill,-35.3378,143.5544,8.51,63,0,6.46,AU,1683414238
411,Prince Rupert,54.3161,-130.3201,10.05,77,100,4.63,CA,1683414238
412,Ulanhot,46.0833,122.0833,11.97,48,67,3.1,CN,1683414238
413,Gwadar,25.1216,62.3254,27.02,70,0,4.11,PK,1683414239
414,Conde,-7.2597,-34.9075,25.7,83,20,2.06,BR,1683414239
415,Sinan,34.8262,126.1086,14.06,93,100,2.24,KR,1683414239
416,Cole Harbour,44.6724,-63.4751,10.71,41,28,7.2,CA,1683414216
417,Albardón,-31.4372,-68.5256,19.91,30,96,1.32,AR,1683414239
418,Isabela,6.7085,121.9711,26.03,76,100,2.53,PH,1683414057
419,Manavālakurichi,8.1333,77.3,27.18,79,100,6.64,IN,1683414239
420,Sonoita,31.85,-112.8333,26.36,18,1,6.37,MX,1683414239
421,Port Saint John's,-31.6229,29.5448,19.75,87,100,4.27,ZA,1683414239
422,Revda,56.801,59.9303,9.87,58,21,2.02,RU,1683414239
423,Galliano,29.4422,-90.2992,23.0,83,100,2.06,US,1683414240
424,Dublin,37.7021,-121.9358,18.22,67,75,7.2,US,1683414189
425,Tidjikja,18.5564,-11.4271,30.58,17,94,4.66,MR,1683414160
426,Saint-Philippe,-21.3585,55.7679,23.77,77,48,4.95,RE,1683414240
427,Kingston,17.997,-76.7936,29.53,78,40,11.32,JM,1683414137
428,Rockport,28.0206,-97.0544,30.01,89,0,4.63,US,1683414240
429,Vuktyl,63.8567,57.3094,1.01,98,100,3.9,RU,1683414240
430,Chu,43.5983,73.7614,6.5,42,0,2.63,KZ,1683414240
431,Usinsk,65.9939,57.5281,-4.5,82,100,11.38,RU,1683414240
432,Bondo,3.8146,23.6866,20.56,99,59,0.74,CD,1683414240
433,Stary Sącz,49.5636,20.635,12.55,97,90,1.41,PL,1683414241
434,Mount Pearl,47.5166,-52.7813,2.75,93,100,5.14,CA,1683414222
435,Port Augusta,-32.5,137.7667,11.59,60,5,2.6,AU,1683414235
436,Basco,20.4487,121.9702,27.9,84,50,6.31,PH,1683414241
437,Pasni,25.2631,63.471,27.69,62,0,4.2,PK,1683414133
438,Aransas Pass,27.9095,-97.15,30.0,88,0,5.14,US,1683414241
439,Oranjemund,-28.55,16.4333,12.46,89,0,2.64,NA,1683414215
440,Tyuratam,45.6507,63.3156,15.85,34,42,3.26,KZ,1683414241
441,Kriva Palanka,42.2019,22.3319,9.35,87,75,2.11,MK,1683413977
442,Obo,5.3998,26.4869,20.24,93,100,2.57,CF,1683414241
443,Quiberon,47.4841,-3.1196,15.04,95,66,3.13,FR,1683414241
444,Harstad,68.799,16.5293,2.86,77,100,4.92,NO,1683414242
445,Mulanje,-16.0316,35.5,15.9,81,0,1.55,MW,1683414242
446,Olyokminsk,60.3736,120.4264,2.46,85,99,4.86,RU,1683414242
447,Amga,60.8953,131.9608,3.47,95,97,3.08,RU,1683414240
448,Al Bawīţī,28.3492,28.8659,18.73,56,1,4.07,EG,1683414240
449,Bodø,67.28,14.405,5.02,60,0,4.63,NO,1683414242
450,Tofol,5.3248,163.0078,28.75,78,64,5.87,FM,1683414226
451,Mae Chai,19.346,99.814,26.69,57,4,1.33,TH,1683414242
452,Taulaga,-11.0553,-171.0883,28.58,77,9,6.19,AS,1683414242
453,Rumbek,6.802,29.6912,27.31,62,72,2.33,SS,1683414237
454,Lashio,22.9333,97.75,19.99,66,6,0.62,MM,1683414243
455,Ağrı Province,39.6667,43.1667,9.46,70,85,2.21,TR,1683414243
456,Necochea,-38.5473,-58.7368,15.13,96,100,5.15,AR,1683414243
457,Nipomo,35.0428,-120.476,18.23,64,20,7.2,US,1683414243
458,Sayaxché,16.5167,-90.1667,36.83,22,75,4.08,GT,1683414243
459,Verkhniy Rohachyk,47.2505,34.338,8.4,75,5,7.16,UA,1683414243
460,Thinadhoo,0.5333,72.9333,28.49,75,100,8.38,MV,1683414244
461,Mutoko,-17.397,32.2268,11.89,68,6,1.17,ZW,1683414218
462,Toliara,-23.35,43.6667,21.0,80,0,2.21,MG,1683414217
463,Penzance,50.1186,-5.5371,11.38,90,54,3.25,GB,1683414244
464,Las Khorey,11.1595,48.1967,30.65,68,100,0.78,SO,1683414244
465,Khovd,48.0056,91.6419,0.5,95,100,2.36,MN,1683414240
466,Gustavia,17.8962,-62.8498,28.53,73,0,2.68,BL,1683413754
467,Forster,-32.1667,152.5167,18.54,77,1,1.8,AU,1683414244
468,Manicoré,-5.8092,-61.3003,26.97,89,0,1.03,BR,1683414244
469,Borovskoy,53.8,64.15,14.48,36,73,4.0,KZ,1683414245
470,Hashtrūd,37.4779,47.0508,13.73,41,6,1.79,IR,1683414245
471,Luena,-11.7833,19.9167,15.95,56,8,1.47,AO,1683414245
472,Kolyvan',55.3053,82.7391,5.79,53,13,0.86,RU,1683414245
473,Lethem,3.3803,-59.7968,27.12,74,99,3.13,GY,1683414245
474,Imbituba,-28.24,-48.6703,22.11,93,99,4.87,BR,1683414129
475,Camaná,-16.6228,-72.7111,20.07,85,78,3.79,PE,1683414246
476,Tucumcari,35.1717,-103.725,29.97,9,0,6.69,US,1683414246
477,Yemva,62.59,50.8594,-1.31,96,100,3.91,RU,1683414246
478,Parauapebas,-6.0675,-49.9022,25.99,88,0,2.06,BR,1683414239
479,Alto Paraná,-23.1289,-52.3189,21.36,83,59,2.23,BR,1683414246
480,Las Tablas,7.7667,-80.2833,28.43,99,97,9.06,PA,1683414246
481,Kapuskasing,49.4169,-82.4331,17.05,45,100,4.63,CA,1683414246
482,Santa Maria,-29.6842,-53.8069,21.61,100,100,1.54,BR,1683414247
483,Ulladulla,-35.35,150.4667,10.43,92,98,2.76,AU,1683414231
484,Weno,7.4515,151.8468,30.97,79,40,2.57,FM,1683414247
485,Gao,16.6362,1.637,32.84,22,50,2.67,ML,1683414113
486,Arrondissement de Saint-Flour,45.0833,3.0,10.22,98,100,1.08,FR,1683414247
487,Xinzhou,38.4092,112.7333,8.8,84,2,0.6,CN,1683414247
488,Darnah,32.767,22.6367,16.63,84,0,7.09,LY,1683414247
489,Westport,41.1415,-73.3579,22.7,39,40,2.11,US,1683414038
490,Homer,59.6425,-151.5483,7.93,77,100,5.14,US,1683414247
491,Howard Springs,-12.497,131.047,27.15,86,20,4.94,AU,1683414248
492,Tchin Tabaradèn,15.8969,5.7985,30.66,12,17,2.78,NE,1683414248
493,Ursulo Galván,22.7333,-98.3,35.11,55,20,7.13,MX,1683414248
494,South Hedland,-20.4089,118.5983,24.96,29,94,7.2,AU,1683414248
495,Slavsk,55.0425,21.677,1.95,63,41,3.96,RU,1683414248
496,Vryburg,-26.9566,24.7284,15.88,63,64,3.35,ZA,1683414248
497,Argos,37.6333,22.7333,15.44,60,35,2.16,GR,1683414249
498,La Sarre,48.8002,-79.1996,15.14,51,50,2.0,CA,1683413995
499,Unaí,-16.3575,-46.9061,22.6,53,1,1.25,BR,1683414237
500,Rundu,-17.9333,19.7667,17.14,41,3,1.57,NA,1683414249
501,Tosontsengel,48.7567,98.2839,4.64,46,100,2.16,MN,1683414249
502,Selkirk,50.1436,-96.8845,17.87,55,100,2.24,CA,1683413995
503,Faya-Largeau,17.9257,19.1043,28.6,18,0,6.99,TD,1683414249
504,Tindouf,27.6711,-8.1474,23.25,40,0,9.26,DZ,1683414249
505,Mahibadhoo,3.7833,72.9667,28.86,73,100,7.54,MV,1683414249
506,Warrnambool,-38.3833,142.4833,7.41,61,46,6.9,AU,1683414249
507,Diu,20.7141,70.9822,26.64,78,69,4.87,IN,1683414250
508,Montería,8.748,-75.8814,27.61,83,96,5.9,CO,1683414031
509,Geraldton,-28.7667,114.6,17.23,72,100,6.69,AU,1683414250
510,Brisas de Zicatela,15.8369,-97.0419,31.29,62,100,3.6,MX,1683414216
511,Huilong,31.8111,121.655,14.49,89,100,6.85,CN,1683414235
512,Vyaz'ma,55.2104,34.2951,-1.96,62,7,2.52,RU,1683414250
513,Thunder Bay,48.4001,-89.3168,5.99,100,100,8.75,CA,1683414250
514,Leshan,29.5623,103.7639,18.66,88,100,0.56,CN,1683414250
515,São Gabriel da Cachoeira,-0.1303,-67.0892,27.56,71,91,0.23,BR,1683414218
516,Maun,-19.9833,23.4167,17.86,36,6,2.43,BW,1683414251
517,Bayganin,48.6947,55.8742,13.7,29,100,2.01,KZ,1683414251
518,Asbury Park,40.2204,-74.0121,22.28,65,0,3.6,US,1683414251
519,Aleksandrovsk-Sakhalinskiy,50.8975,142.1561,4.99,54,100,3.96,RU,1683414251
520,Aykhal,66.0,111.5,-12.09,96,99,8.04,RU,1683414219
521,As Suwayq,23.8494,57.4386,28.49,58,0,3.12,OM,1683414251
522,Arraial do Cabo,-22.9661,-42.0278,23.69,81,49,3.91,BR,1683414108
523,New Norfolk,-42.7826,147.0587,6.07,68,11,1.12,AU,1683414251
524,Okha,53.5739,142.9478,3.63,71,62,4.69,RU,1683414252
525,Lloydminster,53.2835,-110.0016,15.12,33,100,7.2,CA,1683414252
526,Cologne,50.9333,6.95,15.48,89,0,1.54,DE,1683414046
527,Koné,-21.0595,164.8658,26.17,65,0,1.66,NC,1683414224
528,Linares,-35.85,-71.6,14.69,53,0,1.44,CL,1683414207
529,Lodja,-3.4833,23.4333,21.28,98,56,0.18,CD,1683414252
530,Hampton Bays,40.869,-72.5176,21.02,58,0,4.63,US,1683414252
531,Myrina,39.8797,25.0742,15.58,67,0,4.63,GR,1683414252
532,Juneau,58.3019,-134.4197,13.0,100,40,4.63,US,1683414252
533,Irecê,-11.3042,-41.8558,24.0,57,36,6.36,BR,1683414098
534,Joshīmath,30.5667,79.5667,9.28,68,26,3.19,IN,1683414252
535,Amahai,-3.3333,128.9167,26.11,83,87,1.38,ID,1683414253
536,Bela,25.9333,81.9833,28.76,33,1,2.54,IN,1683414253
537,Mürzzuschlag,47.6,15.6833,12.16,97,98,0.87,AT,1683414253
538,Taksimo,56.3444,114.8794,5.27,73,90,3.17,RU,1683414253
539,Nirmāli,26.3167,86.5833,26.63,33,0,1.42,IN,1683414253
540,Kushnarenkovo,55.105,55.3508,7.19,86,97,4.04,RU,1683414253
541,Letlhakane,-21.4167,25.5833,18.32,39,0,3.55,BW,1683414236
542,Zhuanghe,39.7008,122.9911,14.3,52,100,1.56,CN,1683414254
543,Kaiapoi,-43.3783,172.6401,14.7,89,100,3.09,NZ,1683414254
544,Lospalos,-8.5186,127.0025,24.03,87,97,3.24,TL,1683414254
545,Salalah,17.0151,54.0924,25.84,71,82,0.56,OM,1683414180
546,Lajere,11.9797,11.4443,30.22,10,100,2.48,NG,1683414254
547,San Patricio,28.017,-97.5169,30.1,66,99,7.76,US,1683414227
548,Suva,-18.1416,178.4415,29.71,74,75,2.06,FJ,1683414254
549,Bulungu,-4.55,18.6,21.97,94,65,0.76,CD,1683414254
550,Lorengau,-2.0226,147.2712,29.54,71,18,2.58,PG,1683414255
551,Pangai,-19.8,-174.35,25.94,78,19,3.38,TO,1683414255
552,Souillac,-20.5167,57.5167,25.21,83,75,3.09,MU,1683414069
553,Colby,39.3958,-101.0524,29.44,21,40,5.81,US,1683414118
554,Charlottetown,46.2352,-63.1267,4.87,66,40,5.66,CA,1683414095
555,Novy Urengoy,66.0833,76.6333,-5.26,94,100,2.92,RU,1683414255
556,Concordia,-31.393,-58.0209,17.66,93,91,2.03,AR,1683414004
557,Patong,7.8961,98.2966,31.12,99,100,4.36,TH,1683414085
558,Flin Flon,54.7682,-101.865,14.91,38,75,3.6,CA,1683414217
559,Villiers,-27.0303,28.6006,13.79,75,35,2.22,ZA,1683414256
560,Guiuan,11.0333,125.7247,28.31,74,38,2.32,PH,1683414256
561,Vila Velha,-20.3297,-40.2925,24.41,88,40,1.54,BR,1683414144
